School,Overall G,Overall W,Overall L,Overall W-L%,Overall SOS,Points Tm.,Points Opp.,Totals FG,Totals FGA,Totals FG%,Totals 3P,Totals 3PA,Totals 3P%,Totals FT,Totals FTA,Totals FT%,Totals ORB,Totals TRB,Totals AST,Totals STL,Totals BLK,Totals TOV,Totals PF,Class
Air Force,28,5,23,.179,5.04,67.14285714285714,74.60714285714286,24.642857142857142,60.142857142857146,.410,4.642857142857143,14.785714285714286,.314,13.214285714285714,21.035714285714285,.628,,37.142857142857146,13.75,5.5,2.8214285714285716,14.392857142857142,19.821428571428573,False
Akron,26,3,23,.115,2.51,62.73076923076923,74.96153846153847,22.115384615384617,54.19230769230769,.408,4.384615384615385,13.884615384615385,.316,14.115384615384615,20.307692307692307,.695,,30.076923076923077,11.807692307692308,5.653846153846154,2.3076923076923075,14.307692307692308,17.46153846153846,False
Alabama-Birmingham,30,16,14,.533,3.70,69.0,68.36666666666666,24.566666666666666,60.1,.409,6.233333333333333,19.3,.323,13.633333333333333,20.566666666666666,.663,,38.766666666666666,12.2,6.966666666666667,3.3333333333333335,13.6,20.666666666666668,False
Alabama State,27,9,18,.333,-12.77,73.88888888888889,82.44444444444444,26.40740740740741,62.111111111111114,.425,6.592592592592593,18.037037037037038,.366,14.481481481481481,22.48148148148148,.644,,30.88888888888889,10.703703703703704,8.333333333333334,1.8888888888888888,12.074074074074074,17.85185185185185,False
Alabama,32,19,13,.594,6.13,71.96875,71.09375,26.34375,61.6875,.427,7.96875,21.875,.364,11.3125,17.0625,.663,,39.125,12.75,6.15625,6.125,13.75,17.71875,False
Alcorn State,25,10,15,.400,-9.20,77.68,83.52,28.84,64.92,.444,4.84,16.12,.300,15.16,23.04,.658,,40.36,14.16,9.32,3.6,18.88,22.32,False
American,27,12,15,.444,-1.27,74.77777777777777,73.25925925925925,25.48148148148148,59.51851851851852,.428,5.518518518518518,16.37037037037037,.337,18.296296296296298,25.62962962962963,.714,,33.55555555555556,11.814814814814815,8.88888888888889,3.037037037037037,14.185185185185185,17.59259259259259,False
Appalachian State,28,8,20,.286,-1.12,71.67857142857143,82.42857142857143,25.571428571428573,55.57142857142857,.460,5.964285714285714,16.357142857142858,.365,14.571428571428571,21.392857142857142,.681,,32.07142857142857,14.678571428571429,6.392857142857143,3.142857142857143,17.25,16.25,False
Arizona State,27,11,16,.407,5.89,73.33333333333333,78.33333333333333,26.925925925925927,63.44444444444444,.424,6.296296296296297,19.62962962962963,.321,13.185185185185185,20.555555555555557,.641,,36.333333333333336,15.25925925925926,8.333333333333334,3.8518518518518516,15.592592592592593,20.62962962962963,False
Arizona NCAA,33,26,7,.788,8.42,81.60606060606061,71.87878787878788,29.484848484848484,60.03030303030303,.491,6.7272727272727275,17.87878787878788,.376,15.909090909090908,24.12121212121212,.660,,37.96969696969697,17.848484848484848,7.393939393939394,3.5454545454545454,16.393939393939394,17.87878787878788,True
Little Rock,30,23,7,.767,-1.03,76.5,67.76666666666667,27.233333333333334,58.5,.466,5.166666666666667,13.633333333333333,.379,16.866666666666667,24.533333333333335,.688,,37.833333333333336,13.5,7.166666666666667,3.6333333333333333,13.066666666666666,18.766666666666666,False
Arkansas State,27,9,18,.333,-0.10,69.11111111111111,75.18518518518519,24.88888888888889,56.851851851851855,.438,5.518518518518518,15.333333333333334,.360,13.814814814814815,22.59259259259259,.611,,33.51851851851852,12.25925925925926,6.555555555555555,2.962962962962963,17.0,21.037037037037038,False
Arkansas NCAA,33,20,13,.606,8.09,77.57575757575758,74.0,28.696969696969695,64.93939393939394,.442,5.757575757575758,17.757575757575758,.324,14.424242424242424,23.12121212121212,.624,,39.81818181818182,15.181818181818182,9.090909090909092,4.454545454545454,16.90909090909091,20.545454545454547,True
Army,27,7,20,.259,-10.64,66.37037037037037,73.44444444444444,23.48148148148148,59.333333333333336,.396,5.777777777777778,17.14814814814815,.337,13.62962962962963,20.59259259259259,.662,,36.666666666666664,12.74074074074074,6.444444444444445,1.7777777777777777,16.444444444444443,22.666666666666668,False
Auburn,32,19,13,.594,4.18,74.3125,71.34375,25.4375,58.375,.436,8.96875,25.1875,.356,14.46875,21.4375,.675,,37.125,15.0625,7.84375,2.75,17.21875,16.75,False
Austin Peay NCAA,30,19,11,.633,-4.20,79.23333333333333,74.13333333333334,29.6,61.6,.481,7.033333333333333,18.7,.376,13.0,19.0,.684,,34.266666666666666,17.5,8.6,4.2,13.0,15.566666666666666,True
Ball State,28,16,12,.571,1.83,73.78571428571429,72.64285714285714,26.75,61.535714285714285,.435,6.035714285714286,18.285714285714285,.330,14.25,20.857142857142858,.683,,34.714285714285715,14.285714285714286,8.464285714285714,2.5357142857142856,13.857142857142858,20.964285714285715,False
Baylor,27,9,18,.333,1.15,74.37037037037037,76.48148148148148,26.555555555555557,63.22222222222222,.420,5.7407407407407405,19.037037037037038,.302,15.518518518518519,24.555555555555557,.632,,39.74074074074074,13.62962962962963,7.333333333333333,4.37037037037037,15.814814814814815,20.25925925925926,False
Bethune-Cookman,27,12,15,.444,-12.93,67.4074074074074,68.4074074074074,23.333333333333332,57.851851851851855,.403,6.037037037037037,19.666666666666668,.307,14.703703703703704,21.40740740740741,.687,,33.629629629629626,12.88888888888889,9.11111111111111,2.962962962962963,15.037037037037036,18.11111111111111,False
Boise State,28,15,13,.536,-2.21,64.46428571428571,65.25,22.25,51.57142857142857,.431,7.071428571428571,20.357142857142858,.347,12.892857142857142,18.142857142857142,.711,,27.642857142857142,13.428571428571429,8.071428571428571,1.5357142857142858,15.071428571428571,21.571428571428573,False
Boston College NCAA,30,19,11,.633,9.23,78.2,70.5,26.766666666666666,58.0,.461,6.433333333333334,18.3,.352,18.233333333333334,25.833333333333332,.706,,40.13333333333333,14.266666666666667,7.233333333333333,3.1,15.933333333333334,19.033333333333335,True
Boston University,29,18,11,.621,-4.33,70.24137931034483,66.96551724137932,25.620689655172413,57.793103448275865,.443,4.0,14.551724137931034,.275,15.0,23.275862068965516,.644,,37.58620689655172,14.10344827586207,7.758620689655173,3.103448275862069,14.137931034482758,19.93103448275862,False
Bowling Green State,27,14,13,.519,2.93,68.22222222222223,65.85185185185185,24.0,53.370370370370374,.450,5.037037037037037,13.333333333333334,.378,15.185185185185185,22.185185185185187,.684,,33.51851851851852,12.148148148148149,6.703703703703703,2.037037037037037,12.185185185185185,17.14814814814815,False
Bradley NCAA,30,22,8,.733,3.55,71.2,65.03333333333333,24.633333333333333,55.2,.446,5.2,13.566666666666666,.383,16.733333333333334,23.933333333333334,.699,,35.766666666666666,14.9,7.233333333333333,3.2333333333333334,12.5,17.966666666666665,True
Brigham Young,28,15,13,.536,4.00,82.25,78.35714285714286,28.642857142857142,60.357142857142854,.475,4.0,11.964285714285714,.334,20.964285714285715,27.392857142857142,.765,,37.892857142857146,17.107142857142858,6.607142857142857,2.5357142857142856,13.785714285714286,21.392857142857142,False
Brown,26,10,16,.385,-5.91,62.76923076923077,67.8076923076923,21.692307692307693,50.46153846153846,.430,6.5,18.423076923076923,.353,12.884615384615385,18.76923076923077,.686,,33.30769230769231,13.307692307692308,5.615384615384615,3.1923076923076925,16.307692307692307,18.692307692307693,False
Bucknell,28,17,11,.607,-7.33,70.75,66.57142857142857,23.25,52.964285714285715,.439,6.071428571428571,17.035714285714285,.356,18.178571428571427,25.25,.720,,36.535714285714285,13.25,7.142857142857143,3.2142857142857144,16.0,18.071428571428573,False
Buffalo,27,13,14,.481,-9.75,67.29629629629629,69.22222222222223,22.77777777777778,58.407407407407405,.390,6.777777777777778,18.703703703703702,.362,14.962962962962964,23.59259259259259,.634,,39.44444444444444,12.88888888888889,7.333333333333333,2.4444444444444446,15.444444444444445,19.59259259259259,False
Butler,27,19,8,.704,-2.67,71.22222222222223,67.03703703703704,23.85185185185185,51.333333333333336,.465,4.444444444444445,12.37037037037037,.359,19.074074074074073,28.14814814814815,.678,,35.74074074074074,12.814814814814815,4.777777777777778,3.074074074074074,15.703703703703704,18.59259259259259,False
Cal Poly,29,16,13,.552,-6.69,80.27586206896552,76.06896551724138,28.551724137931036,67.03448275862068,.426,7.689655172413793,24.0,.320,15.482758620689655,25.03448275862069,.618,,40.48275862068966,16.689655172413794,12.03448275862069,2.0,17.17241379310345,21.413793103448278,False
Cal State Fullerton,26,6,20,.231,1.10,67.0,76.76923076923077,23.5,57.61538461538461,.408,4.538461538461538,15.73076923076923,.289,15.461538461538462,23.23076923076923,.666,,33.96153846153846,12.153846153846153,6.576923076923077,2.4615384615384617,16.384615384615383,20.846153846153847,False
Cal State Northridge,27,7,20,.259,-3.35,67.66666666666667,77.4074074074074,23.962962962962962,57.7037037037037,.415,6.444444444444445,21.074074074074073,.306,13.296296296296296,20.22222222222222,.658,,34.51851851851852,13.222222222222221,7.222222222222222,2.4814814814814814,16.48148148148148,19.51851851851852,False
UC-Irvine,27,15,12,.556,-1.44,75.03703703703704,72.96296296296296,24.88888888888889,55.2962962962963,.450,7.37037037037037,19.25925925925926,.383,17.88888888888889,27.77777777777778,.644,,34.81481481481482,14.62962962962963,6.111111111111111,2.2222222222222223,14.777777777777779,20.88888888888889,False
UC-Santa Barbara,26,11,15,.423,-0.95,69.65384615384616,70.6923076923077,24.576923076923077,55.73076923076923,.441,7.346153846153846,19.576923076923077,.375,13.153846153846153,18.73076923076923,.702,,34.5,15.576923076923077,5.6923076923076925,2.923076923076923,14.461538461538462,16.653846153846153,False
University of California NCAA,28,17,11,.607,6.44,75.60714285714286,70.14285714285714,25.571428571428573,57.07142857142857,.448,5.464285714285714,15.464285714285714,.353,19.0,27.107142857142858,.701,,37.035714285714285,13.142857142857142,7.714285714285714,4.321428571428571,15.25,19.321428571428573,True
Campbell,28,17,11,.607,-6.62,65.71428571428571,64.35714285714286,23.714285714285715,55.785714285714285,.425,6.785714285714286,18.285714285714285,.371,11.5,16.678571428571427,.690,,30.892857142857142,15.107142857142858,7.785714285714286,2.2857142857142856,12.678571428571429,17.357142857142858,False
Canisius NCAA,30,19,11,.633,-1.60,65.76666666666667,63.03333333333333,23.166666666666668,55.13333333333333,.420,5.366666666666666,16.8,.319,14.066666666666666,20.2,.696,,33.766666666666666,14.433333333333334,6.6,2.7333333333333334,14.0,15.866666666666667,True
Centenary (LA),27,11,16,.407,-6.21,76.55555555555556,79.0,27.444444444444443,65.51851851851852,.419,7.333333333333333,24.85185185185185,.295,14.333333333333334,22.037037037037038,.650,,38.333333333333336,15.185185185185185,7.925925925925926,2.5185185185185186,14.814814814814815,19.40740740740741,False
Central Connecticut State,28,13,15,.464,-10.80,78.78571428571429,79.53571428571429,28.071428571428573,64.42857142857143,.436,3.642857142857143,13.535714285714286,.269,19.0,26.785714285714285,.709,,43.42857142857143,14.714285714285714,9.642857142857142,8.392857142857142,20.857142857142858,22.142857142857142,False
Central Florida NCAA,30,11,19,.367,-3.83,74.76666666666667,79.83333333333333,26.566666666666666,58.56666666666667,.454,6.7,18.7,.358,14.933333333333334,20.966666666666665,.712,,37.0,14.833333333333334,5.833333333333333,3.433333333333333,18.433333333333334,21.766666666666666,True
Central Michigan,26,6,20,.231,3.14,68.73076923076923,73.61538461538461,25.192307692307693,54.65384615384615,.461,5.769230769230769,14.73076923076923,.392,12.576923076923077,18.03846153846154,.697,,32.73076923076923,14.807692307692308,4.653846153846154,4.923076923076923,14.615384615384615,18.923076923076923,False
Charleston Southern,28,15,13,.536,-6.96,73.0,70.5,25.857142857142858,55.857142857142854,.463,5.821428571428571,16.071428571428573,.362,15.464285714285714,23.25,.665,,36.42857142857143,16.571428571428573,7.285714285714286,3.857142857142857,15.678571428571429,23.642857142857142,False
Charlotte,29,14,15,.483,6.78,68.62068965517241,67.6896551724138,24.310344827586206,58.206896551724135,.418,5.586206896551724,17.724137931034484,.315,14.413793103448276,21.379310344827587,.674,,37.48275862068966,13.172413793103448,6.586206896551724,2.0344827586206895,14.137931034482758,20.20689655172414,False
Chattanooga,27,15,12,.556,-6.02,73.22222222222223,67.29629629629629,26.666666666666668,60.592592592592595,.440,6.481481481481482,19.25925925925926,.337,13.407407407407407,19.88888888888889,.674,,37.48148148148148,13.333333333333334,6.62962962962963,1.9259259259259258,13.333333333333334,19.37037037037037,False
Chicago State,27,2,25,.074,-7.25,74.55555555555556,96.37037037037037,27.814814814814813,68.85185185185185,.404,6.925925925925926,20.555555555555557,.337,12.0,19.51851851851852,.615,,36.81481481481482,13.777777777777779,8.666666666666666,3.888888888888889,18.666666666666668,21.85185185185185,False
Cincinnati NCAA,33,28,5,.848,7.69,79.60606060606061,65.18181818181819,28.454545454545453,61.03030303030303,.466,5.484848484848484,15.363636363636363,.357,17.21212121212121,25.454545454545453,.676,,41.21212121212121,16.545454545454547,8.393939393939394,3.1818181818181817,13.878787878787879,21.242424242424242,True
Citadel,26,10,16,.385,-6.10,69.07692307692308,75.23076923076923,24.846153846153847,56.92307692307692,.436,5.5,16.346153846153847,.336,13.884615384615385,20.653846153846153,.672,,35.5,11.26923076923077,5.153846153846154,4.115384615384615,14.76923076923077,19.115384615384617,False
Clemson NCAA,29,18,11,.621,8.18,67.96551724137932,62.96551724137931,23.82758620689655,53.48275862068966,.446,5.137931034482759,15.172413793103448,.339,15.172413793103448,23.03448275862069,.659,,34.44827586206897,12.89655172413793,6.862068965517241,2.9655172413793105,11.620689655172415,18.448275862068964,True
Cleveland State,26,5,21,.192,-2.08,61.03846153846154,73.73076923076923,21.76923076923077,53.57692307692308,.406,4.615384615384615,14.846153846153847,.311,12.884615384615385,19.5,.661,,32.15384615384615,11.038461538461538,5.384615384615385,1.8846153846153846,17.192307692307693,21.23076923076923,False
Coastal Carolina,26,5,21,.192,-7.10,66.92307692307692,76.61538461538461,23.884615384615383,60.76923076923077,.393,6.230769230769231,20.0,.312,12.923076923076923,20.76923076923077,.622,,37.26923076923077,11.23076923076923,7.384615384615385,2.5,15.807692307692308,21.23076923076923,False
Colgate NCAA,30,15,15,.500,-3.65,72.13333333333334,73.16666666666667,25.5,56.93333333333333,.448,6.2,17.166666666666668,.361,14.933333333333334,22.833333333333332,.654,,36.766666666666666,13.366666666666667,6.6,6.5,16.166666666666668,18.633333333333333,True
College of Charleston,29,25,4,.862,-7.33,74.62068965517241,62.275862068965516,27.96551724137931,57.96551724137931,.482,4.068965517241379,11.620689655172415,.350,14.620689655172415,22.0,.665,,37.275862068965516,16.551724137931036,9.96551724137931,3.7241379310344827,13.655172413793103,16.586206896551722,False
Colorado State,30,18,12,.600,5.12,78.5,74.13333333333334,28.366666666666667,56.1,.506,6.066666666666666,15.366666666666667,.395,15.7,21.966666666666665,.715,,34.86666666666667,16.366666666666667,7.233333333333333,4.7,15.4,16.8,False
Colorado,27,9,18,.333,6.60,75.85185185185185,81.14814814814815,27.48148148148148,61.925925925925924,.444,5.888888888888889,15.88888888888889,.371,15.0,21.555555555555557,.696,,39.44444444444444,17.48148148148148,7.111111111111111,4.814814814814815,18.88888888888889,20.962962962962962,False
Columbia,26,7,19,.269,-5.51,58.42307692307692,66.61538461538461,19.807692307692307,47.57692307692308,.416,6.653846153846154,19.53846153846154,.341,12.153846153846153,19.23076923076923,.632,,29.615384615384617,12.038461538461538,7.653846153846154,2.0,17.384615384615383,18.03846153846154,False
Connecticut NCAA,35,32,3,.914,8.19,82.57142857142857,64.71428571428571,30.314285714285713,63.885714285714286,.475,7.371428571428571,18.085714285714285,.408,14.571428571428571,19.942857142857143,.731,,43.4,18.82857142857143,8.17142857142857,5.428571428571429,15.457142857142857,17.085714285714285,True
Coppin State,29,19,10,.655,-11.65,78.62068965517241,71.55172413793103,28.551724137931036,56.89655172413793,.502,6.931034482758621,19.310344827586206,.359,14.586206896551724,21.862068965517242,.667,,34.93103448275862,16.03448275862069,7.862068965517241,2.0344827586206895,14.517241379310345,16.103448275862068,False
Cornell,26,10,16,.385,-6.82,64.38461538461539,67.92307692307692,22.653846153846153,54.57692307692308,.415,7.153846153846154,20.53846153846154,.348,11.923076923076923,17.423076923076923,.684,,35.57692307692308,11.576923076923077,7.115384615384615,2.923076923076923,15.692307692307692,19.115384615384617,False
Creighton,29,14,15,.483,1.20,66.58620689655173,66.72413793103448,24.379310344827587,61.172413793103445,.399,5.931034482758621,18.862068965517242,.314,11.89655172413793,18.79310344827586,.633,,37.793103448275865,13.172413793103448,7.103448275862069,3.4827586206896552,13.413793103448276,20.551724137931036,False
Dartmouth,26,16,10,.615,-6.96,63.92307692307692,64.46153846153847,23.846153846153847,54.76923076923077,.435,6.615384615384615,17.692307692307693,.374,9.615384615384615,13.692307692307692,.702,,32.80769230769231,14.615384615384615,6.846153846153846,3.5384615384615383,14.73076923076923,16.384615384615383,False
Davidson,30,25,5,.833,-4.90,84.26666666666667,68.23333333333333,29.666666666666668,61.96666666666667,.479,5.566666666666666,16.166666666666668,.344,19.366666666666667,26.966666666666665,.718,,37.7,16.733333333333334,10.666666666666666,3.2333333333333334,16.466666666666665,21.7,False
Dayton,29,15,14,.517,-0.64,70.51724137931035,70.03448275862068,25.0,54.44827586206897,.459,4.896551724137931,16.103448275862068,.304,15.620689655172415,24.551724137931036,.636,,39.758620689655174,14.0,4.517241379310345,3.0689655172413794,18.93103448275862,18.586206896551722,False
Delaware State,28,11,17,.393,-12.13,70.67857142857143,82.03571428571429,25.714285714285715,64.96428571428571,.396,5.392857142857143,17.107142857142858,.315,13.857142857142858,22.035714285714285,.629,,37.464285714285715,12.214285714285714,7.5,2.392857142857143,16.928571428571427,22.25,False
Delaware,27,15,12,.556,-3.38,74.18518518518519,67.66666666666667,26.925925925925927,56.03703703703704,.481,5.185185185185185,13.703703703703704,.378,15.148148148148149,20.444444444444443,.741,,35.81481481481482,15.592592592592593,7.222222222222222,4.074074074074074,16.22222222222222,17.962962962962962,False
DePaul,29,11,18,.379,7.93,70.20689655172414,71.93103448275862,27.586206896551722,62.96551724137931,.438,5.931034482758621,18.0,.330,9.10344827586207,13.689655172413794,.665,,36.13793103448276,16.96551724137931,8.172413793103448,3.1724137931034484,13.517241379310345,17.103448275862068,False
Detroit Mercy,29,18,11,.621,-0.04,67.41379310344827,64.20689655172414,24.0,55.172413793103445,.435,3.896551724137931,12.0,.325,15.517241379310345,23.06896551724138,.673,,37.793103448275865,12.275862068965518,5.620689655172414,3.5172413793103448,14.10344827586207,20.551724137931036,False
Drake,27,12,15,.444,2.74,69.48148148148148,72.96296296296296,24.40740740740741,55.74074074074074,.438,5.592592592592593,16.14814814814815,.346,15.074074074074074,24.85185185185185,.607,,32.03703703703704,12.148148148148149,10.11111111111111,2.925925925925926,14.518518518518519,21.22222222222222,False
Drexel NCAA,31,27,4,.871,-5.06,82.58064516129032,66.3225806451613,28.0,58.96774193548387,.475,7.774193548387097,19.741935483870968,.394,18.806451612903224,26.322580645161292,.714,,41.29032258064516,16.677419354838708,6.161290322580645,2.5161290322580645,13.741935483870968,18.35483870967742,True
Duke NCAA,31,18,13,.581,10.48,75.35483870967742,69.7741935483871,26.774193548387096,60.193548387096776,.445,7.451612903225806,19.838709677419356,.376,14.35483870967742,20.419354838709676,.703,,34.935483870967744,14.161290322580646,6.0,3.6451612903225805,13.451612903225806,19.225806451612904,True
Duquesne,27,9,18,.333,3.87,74.70370370370371,78.62962962962963,27.51851851851852,62.51851851851852,.440,6.148148148148148,16.88888888888889,.364,13.518518518518519,20.333333333333332,.665,,34.55555555555556,16.074074074074073,8.814814814814815,2.888888888888889,15.666666666666666,18.962962962962962,False
East Carolina,28,17,11,.607,-3.08,69.03571428571429,68.25,24.0,54.714285714285715,.439,5.321428571428571,15.535714285714286,.343,15.714285714285714,23.321428571428573,.674,,38.32142857142857,13.071428571428571,5.285714285714286,3.25,15.785714285714286,20.821428571428573,False
East Tennessee State,27,7,20,.259,-2.35,73.77777777777777,81.92592592592592,27.333333333333332,61.407407407407405,.445,5.37037037037037,16.925925925925927,.317,13.74074074074074,20.666666666666668,.665,,34.96296296296296,13.11111111111111,8.444444444444445,3.2962962962962963,17.074074074074073,16.77777777777778,False
Eastern Illinois,28,13,15,.464,-8.97,69.03571428571429,73.32142857142857,24.678571428571427,57.107142857142854,.432,6.071428571428571,17.75,.342,13.607142857142858,23.107142857142858,.589,,34.92857142857143,15.464285714285714,8.821428571428571,3.107142857142857,16.607142857142858,18.464285714285715,False
Eastern Kentucky,27,13,14,.481,-4.63,74.55555555555556,76.25925925925925,25.48148148148148,57.03703703703704,.447,6.111111111111111,16.88888888888889,.362,17.48148148148148,25.814814814814813,.677,,34.48148148148148,14.851851851851851,8.0,1.5185185185185186,16.62962962962963,19.25925925925926,False
Eastern Michigan NCAA,31,25,6,.806,3.71,83.6774193548387,74.3225806451613,30.419354838709676,63.45161290322581,.479,5.709677419354839,16.096774193548388,.355,17.129032258064516,24.225806451612904,.707,,37.064516129032256,15.32258064516129,7.806451612903226,3.870967741935484,11.96774193548387,18.419354838709676,True
Eastern Washington,26,3,23,.115,-1.42,65.26923076923077,76.65384615384616,24.46153846153846,56.65384615384615,.432,3.923076923076923,12.73076923076923,.308,12.423076923076923,17.076923076923077,.727,,33.96153846153846,12.884615384615385,5.8076923076923075,2.1538461538461537,16.576923076923077,19.192307692307693,False
Evansville,27,13,14,.481,1.92,71.96296296296296,70.25925925925925,25.0,53.96296296296296,.463,6.666666666666667,16.444444444444443,.405,15.296296296296296,22.074074074074073,.693,,35.333333333333336,15.88888888888889,5.555555555555555,2.2962962962962963,15.74074074074074,20.74074074074074,False
Fairfield,30,20,10,.667,-2.89,70.9,69.63333333333334,24.1,53.166666666666664,.453,6.5,18.0,.361,16.2,22.6,.717,,34.1,15.5,6.433333333333334,3.3333333333333335,15.833333333333334,20.633333333333333,False
Fairleigh Dickinson,27,7,20,.259,-6.82,67.07407407407408,74.51851851851852,24.296296296296298,53.7037037037037,.452,5.62962962962963,15.296296296296296,.368,12.851851851851851,20.77777777777778,.619,,37.407407407407405,12.296296296296296,6.074074074074074,3.2222222222222223,19.51851851851852,18.25925925925926,False
Florida A&M,27,8,19,.296,-10.68,61.888888888888886,70.92592592592592,22.925925925925927,59.81481481481482,.383,4.333333333333333,15.37037037037037,.282,11.703703703703704,20.666666666666668,.566,,41.0,11.296296296296296,6.592592592592593,7.333333333333333,17.814814814814813,19.074074074074073,False
Florida Atlantic,27,9,18,.333,-5.93,69.07407407407408,69.14814814814815,24.0,54.925925925925924,.437,4.925925925925926,13.814814814814815,.357,16.14814814814815,23.333333333333332,.692,,35.51851851851852,11.296296296296296,7.777777777777778,3.8518518518518516,16.0,18.666666666666668,False
Florida International,28,13,15,.464,-6.84,73.35714285714286,78.71428571428571,24.964285714285715,59.0,.423,8.571428571428571,25.785714285714285,.332,14.857142857142858,22.178571428571427,.670,,32.357142857142854,13.5,7.75,2.0714285714285716,15.214285714285714,22.214285714285715,False
Florida State,27,13,14,.481,8.72,75.29629629629629,73.07407407407408,26.925925925925927,61.111111111111114,.441,6.481481481481482,18.74074074074074,.346,14.962962962962964,22.962962962962962,.652,,37.111111111111114,14.666666666666666,8.74074074074074,4.518518518518518,13.37037037037037,18.814814814814813,False
Florida,28,12,16,.429,11.40,66.75,70.5,25.25,58.82142857142857,.429,5.107142857142857,16.214285714285715,.315,11.142857142857142,16.785714285714285,.664,,34.607142857142854,13.964285714285714,7.214285714285714,3.75,14.571428571428571,18.892857142857142,False
Fordham,27,4,23,.148,1.72,60.2962962962963,71.66666666666667,21.037037037037038,51.55555555555556,.408,3.5925925925925926,11.333333333333334,.317,14.62962962962963,23.0,.636,,34.81481481481482,12.37037037037037,5.888888888888889,2.0,17.37037037037037,18.59259259259259,False
Fresno State,33,22,11,.667,4.86,80.36363636363636,77.0909090909091,28.636363636363637,61.484848484848484,.466,8.454545454545455,23.181818181818183,.365,14.636363636363637,22.727272727272727,.644,,36.45454545454545,15.818181818181818,8.636363636363637,4.181818181818182,15.151515151515152,21.0,False
Furman,27,10,17,.370,-4.34,73.48148148148148,77.96296296296296,26.037037037037038,60.51851851851852,.430,6.777777777777778,20.037037037037038,.338,14.62962962962963,20.37037037037037,.718,,38.2962962962963,13.481481481481481,5.851851851851852,3.2222222222222223,15.11111111111111,17.037037037037038,False
George Mason,27,11,16,.407,-3.68,90.48148148148148,91.70370370370371,32.851851851851855,73.22222222222223,.449,6.518518518518518,20.296296296296298,.321,18.25925925925926,27.185185185185187,.672,,45.7037037037037,14.37037037037037,8.25925925925926,2.5925925925925926,16.14814814814815,21.14814814814815,False
George Washington NCAA,29,21,8,.724,3.61,78.03448275862068,72.65517241379311,27.17241379310345,59.758620689655174,.455,4.482758620689655,13.344827586206897,.336,19.20689655172414,27.413793103448278,.701,,37.93103448275862,16.275862068965516,7.275862068965517,3.689655172413793,14.96551724137931,20.344827586206897,True
Georgetown NCAA,37,29,8,.784,9.83,83.29729729729729,68.78378378378379,30.2972972972973,63.67567567567568,.476,5.081081081081081,15.35135135135135,.331,17.62162162162162,27.756756756756758,.635,,43.4054054054054,14.08108108108108,11.64864864864865,5.0,16.972972972972972,19.486486486486488,True
Georgia Southern,26,3,23,.115,-5.06,56.53846153846154,70.1923076923077,19.76923076923077,50.38461538461539,.392,6.0,17.923076923076923,.335,11.0,18.26923076923077,.602,,33.5,11.0,5.384615384615385,2.3461538461538463,20.73076923076923,21.0,False
Georgia State,26,10,16,.385,-7.10,72.1923076923077,75.84615384615384,26.03846153846154,62.5,.417,4.1923076923076925,13.576923076923077,.309,15.923076923076923,22.884615384615383,.696,,40.57692307692308,12.76923076923077,6.3076923076923075,2.8076923076923075,14.846153846153847,19.615384615384617,False
Georgia Tech NCAA,36,24,12,.667,12.71,80.22222222222223,75.97222222222223,28.63888888888889,60.02777777777778,.477,8.222222222222221,21.555555555555557,.381,14.722222222222221,20.944444444444443,.703,,36.333333333333336,17.27777777777778,8.0,3.611111111111111,14.805555555555555,16.833333333333332,True
Georgia NCAA,31,21,10,.677,8.14,79.2258064516129,68.06451612903226,29.419354838709676,62.806451612903224,.468,6.387096774193548,18.387096774193548,.347,14.0,21.032258064516128,.666,,39.83870967741935,18.35483870967742,9.935483870967742,4.193548387096774,14.612903225806452,18.451612903225808,True
Gonzaga,30,21,9,.700,-1.23,72.63333333333334,64.56666666666666,25.633333333333333,53.233333333333334,.482,5.266666666666667,14.633333333333333,.360,16.1,24.733333333333334,.651,,36.43333333333333,14.666666666666666,5.2,3.0,13.7,16.9,False
Grambling,28,12,16,.429,-11.78,75.10714285714286,74.60714285714286,28.142857142857142,62.92857142857143,.447,6.892857142857143,19.571428571428573,.352,11.928571428571429,21.5,.555,,36.67857142857143,14.142857142857142,7.821428571428571,1.6785714285714286,13.571428571428571,17.928571428571427,False
Green Bay NCAA,29,25,4,.862,-0.88,64.75862068965517,55.86206896551724,22.93103448275862,48.206896551724135,.476,4.137931034482759,10.793103448275861,.383,14.758620689655173,19.79310344827586,.746,,30.137931034482758,16.75862068965517,6.172413793103448,1.5517241379310345,10.413793103448276,15.827586206896552,True
Hampton,26,9,17,.346,-4.51,74.46153846153847,79.57692307692308,26.153846153846153,67.88461538461539,.385,7.3076923076923075,23.307692307692307,.314,14.846153846153847,21.807692307692307,.681,,38.84615384615385,10.192307692307692,8.461538461538462,2.1538461538461537,13.692307692307692,22.115384615384617,False
Hartford,28,6,22,.214,-3.05,72.92857142857143,82.32142857142857,26.214285714285715,62.464285714285715,.420,4.107142857142857,12.75,.322,16.392857142857142,22.964285714285715,.714,,37.464285714285715,14.214285714285714,8.357142857142858,3.2857142857142856,18.357142857142858,20.428571428571427,False
Harvard,26,15,11,.577,-8.54,68.0,60.80769230769231,23.96153846153846,56.61538461538461,.423,5.346153846153846,15.384615384615385,.348,14.73076923076923,19.923076923076923,.739,,37.80769230769231,13.153846153846153,7.230769230769231,2.0,14.653846153846153,18.615384615384617,False
Hawaii,28,10,18,.357,6.30,76.75,78.39285714285714,26.678571428571427,54.642857142857146,.488,3.75,11.5,.326,19.642857142857142,26.142857142857142,.751,,30.357142857142858,13.821428571428571,6.607142857142857,2.2142857142857144,14.25,20.107142857142858,False
Hofstra,27,9,18,.333,-5.46,68.25925925925925,75.51851851851852,24.62962962962963,58.148148148148145,.424,4.518518518518518,13.814814814814815,.327,14.481481481481481,21.962962962962962,.659,,34.7037037037037,11.962962962962964,8.148148148148149,2.4074074074074074,17.59259259259259,22.59259259259259,False
Holy Cross,29,16,13,.552,-9.20,77.24137931034483,77.44827586206897,27.275862068965516,63.13793103448276,.432,5.172413793103448,17.137931034482758,.302,17.517241379310345,27.413793103448278,.639,,42.06896551724138,16.17241379310345,9.03448275862069,4.344827586206897,16.724137931034484,21.03448275862069,False
Houston,27,17,10,.630,3.05,77.11111111111111,74.62962962962963,27.962962962962962,59.25925925925926,.472,4.925925925925926,14.962962962962964,.329,16.25925925925926,24.444444444444443,.665,,41.629629629629626,14.666666666666666,7.925925925925926,4.333333333333333,18.62962962962963,18.37037037037037,False
Howard,27,7,20,.259,-11.00,67.51851851851852,74.62962962962963,22.814814814814813,56.77777777777778,.402,4.814814814814815,15.11111111111111,.319,17.074074074074073,24.555555555555557,.695,,33.7037037037037,9.074074074074074,5.074074074074074,1.7407407407407407,16.555555555555557,22.25925925925926,False
Idaho State,26,11,15,.423,-3.62,69.61538461538461,72.73076923076923,25.192307692307693,57.65384615384615,.437,4.038461538461538,13.076923076923077,.309,15.192307692307692,24.0,.633,,33.42307692307692,13.807692307692308,8.653846153846153,2.6923076923076925,17.615384615384617,20.807692307692307,False
Idaho,28,12,16,.429,-1.96,72.5,72.67857142857143,26.25,57.785714285714285,.454,4.428571428571429,14.428571428571429,.307,15.571428571428571,21.821428571428573,.714,,36.535714285714285,11.357142857142858,7.571428571428571,1.8571428571428572,16.285714285714285,18.142857142857142,False
Illinois-Chicago,28,10,18,.357,-0.61,76.85714285714286,82.10714285714286,26.928571428571427,65.14285714285714,.413,8.0,23.25,.344,15.0,21.821428571428573,.687,,37.214285714285715,13.857142857142858,9.25,3.357142857142857,16.107142857142858,21.107142857142858,False
Illinois State,34,22,12,.647,2.89,71.79411764705883,69.17647058823529,25.235294117647058,55.411764705882355,.455,6.264705882352941,18.08823529411765,.346,15.058823529411764,22.61764705882353,.666,,36.88235294117647,15.529411764705882,6.088235294117647,2.8823529411764706,17.147058823529413,19.647058823529413,False
Illinois,31,18,13,.581,7.86,75.87096774193549,69.7741935483871,27.225806451612904,63.45161290322581,.429,7.451612903225806,21.35483870967742,.349,13.96774193548387,20.29032258064516,.688,,37.0,16.129032258064516,6.67741935483871,2.7096774193548385,11.35483870967742,19.70967741935484,False
Indiana State,26,10,16,.385,-0.79,69.1923076923077,74.1923076923077,23.576923076923077,57.34615384615385,.411,4.884615384615385,16.346153846153847,.299,17.153846153846153,25.576923076923077,.671,,39.42307692307692,12.115384615384615,5.653846153846154,1.5769230769230769,15.76923076923077,20.346153846153847,False
Indiana NCAA,31,19,12,.613,10.87,75.7741935483871,69.09677419354838,26.032258064516128,55.12903225806452,.472,5.935483870967742,15.161290322580646,.391,17.774193548387096,25.29032258064516,.703,,37.0,16.322580645161292,6.225806451612903,3.5806451612903225,15.064516129032258,18.322580645161292,True
Iona,29,21,8,.724,-2.14,72.51724137931035,68.10344827586206,25.551724137931036,59.275862068965516,.431,4.689655172413793,14.172413793103448,.331,16.724137931034484,24.482758620689655,.683,,39.3448275862069,12.172413793103448,7.241379310344827,6.068965517241379,14.206896551724139,17.75862068965517,False
Iowa State NCAA,33,24,9,.727,7.24,67.36363636363636,63.36363636363637,22.606060606060606,52.27272727272727,.432,4.242424242424242,12.636363636363637,.336,17.90909090909091,26.333333333333332,.680,,34.21212121212121,13.181818181818182,6.757575757575758,3.0,13.909090909090908,15.424242424242424,True
Iowa NCAA,32,23,9,.719,6.90,79.625,67.875,28.0625,58.46875,.480,6.09375,18.28125,.333,17.40625,24.28125,.717,,40.5,18.0,8.875,2.625,16.40625,17.84375,True
Jackson State,29,16,13,.552,-6.53,75.82758620689656,76.79310344827586,29.20689655172414,66.51724137931035,.439,4.620689655172414,16.620689655172413,.278,12.793103448275861,20.344827586206897,.629,,38.689655172413794,15.137931034482758,10.379310344827585,3.4827586206896552,16.551724137931036,21.379310344827587,False
Jacksonville State,27,10,17,.370,-8.23,81.5925925925926,82.22222222222223,28.40740740740741,62.666666666666664,.453,5.481481481481482,17.77777777777778,.308,19.296296296296298,26.77777777777778,.721,,41.74074074074074,11.814814814814815,6.7407407407407405,2.814814814814815,18.037037037037038,20.62962962962963,False
Jacksonville,28,15,13,.536,0.12,75.78571428571429,76.25,26.392857142857142,58.142857142857146,.454,5.964285714285714,15.5,.385,17.035714285714285,26.75,.637,,38.892857142857146,11.821428571428571,7.321428571428571,4.214285714285714,17.714285714285715,20.035714285714285,False
James Madison,30,10,20,.333,-0.14,68.43333333333334,73.9,24.566666666666666,57.1,.430,6.033333333333333,16.766666666666666,.360,13.266666666666667,18.9,.702,,31.566666666666666,10.333333333333334,5.0,3.1,14.033333333333333,17.933333333333334,False
Kansas State NCAA,29,17,12,.586,7.72,67.93103448275862,67.6896551724138,23.551724137931036,56.06896551724138,.420,4.413793103448276,13.172413793103448,.335,16.413793103448278,25.344827586206897,.648,,38.13793103448276,12.862068965517242,6.793103448275862,4.172413793103448,16.20689655172414,18.379310344827587,True
Kansas NCAA,34,29,5,.853,7.24,80.61764705882354,65.26470588235294,28.235294117647058,62.14705882352941,.454,6.470588235294118,19.823529411764707,.326,17.676470588235293,26.941176470588236,.656,,42.5,17.647058823529413,9.5,6.0,15.588235294117647,19.147058823529413,True
Kent State,27,14,13,.519,0.71,75.96296296296296,74.88888888888889,26.77777777777778,59.851851851851855,.447,5.851851851851852,15.555555555555555,.376,16.555555555555557,22.333333333333332,.741,,36.51851851851852,15.88888888888889,6.7407407407407405,2.7037037037037037,14.925925925925926,22.62962962962963,False
Kentucky NCAA,36,34,2,.944,10.06,91.44444444444444,69.36111111111111,33.27777777777778,68.36111111111111,.487,7.388888888888889,18.61111111111111,.397,17.5,24.52777777777778,.713,,41.69444444444444,21.75,12.083333333333334,4.888888888888889,15.38888888888889,20.25,True
La Salle,30,6,24,.200,5.52,63.43333333333333,70.7,22.433333333333334,60.233333333333334,.372,7.866666666666666,25.166666666666668,.313,10.7,16.933333333333334,.632,,33.96666666666667,12.133333333333333,6.666666666666667,2.1,12.3,17.533333333333335,False
Lafayette,27,7,20,.259,-7.18,67.85185185185185,72.96296296296296,23.0,56.7037037037037,.406,7.444444444444445,22.962962962962962,.324,14.407407407407407,21.037037037037038,.685,,35.111111111111114,11.592592592592593,6.851851851851852,3.111111111111111,15.481481481481481,20.333333333333332,False
Lamar,27,12,15,.444,-0.26,73.0,72.62962962962963,25.814814814814813,59.333333333333336,.435,4.481481481481482,13.62962962962963,.329,16.88888888888889,25.666666666666668,.658,,38.74074074074074,12.11111111111111,7.592592592592593,1.5555555555555556,17.555555555555557,20.11111111111111,False
Lehigh,27,4,23,.148,-7.25,68.03703703703704,78.51851851851852,23.333333333333332,56.18518518518518,.415,5.037037037037037,15.444444444444445,.326,16.333333333333332,24.814814814814813,.658,,34.77777777777778,10.407407407407407,5.888888888888889,2.4814814814814814,15.814814814814815,21.40740740740741,False
Liberty,29,17,12,.586,-7.58,68.3103448275862,65.13793103448276,23.79310344827586,52.48275862068966,.453,6.068965517241379,17.379310344827587,.349,14.655172413793103,20.482758620689655,.715,,34.827586206896555,14.275862068965518,6.275862068965517,5.344827586206897,14.310344827586206,18.310344827586206,False
Cal State Long Beach,28,17,11,.607,0.42,74.78571428571429,69.42857142857143,26.642857142857142,57.607142857142854,.462,5.678571428571429,16.607142857142858,.342,15.821428571428571,24.964285714285715,.634,,37.107142857142854,14.357142857142858,10.142857142857142,2.4285714285714284,15.5085440187699,21.75,False
Long Island University,28,9,19,.321,-6.41,77.10714285714286,87.14285714285714,28.571428571428573,75.5,.378,6.714285714285714,23.642857142857142,.284,13.25,22.071428571428573,.600,,42.82142857142857,13.75,11.321428571428571,3.5357142857142856,15.5085440187699,22.714285714285715,False
Louisiana,28,16,12,.571,0.09,75.53571428571429,71.28571428571429,26.0,62.25,.418,7.821428571428571,23.785714285714285,.329,15.714285714285714,23.75,.662,,35.892857142857146,13.214285714285714,11.678571428571429,4.357142857142857,15.607142857142858,15.785714285714286,False
Louisiana-Monroe NCAA,30,16,14,.533,-3.63,77.26666666666667,75.2,28.5,62.6,.455,7.5,19.766666666666666,.379,12.766666666666667,18.533333333333335,.689,,34.333333333333336,14.2,8.966666666666667,4.733333333333333,15.2,16.933333333333334,True
Louisiana State,29,12,17,.414,5.14,78.10344827586206,79.3103448275862,27.896551724137932,65.89655172413794,.423,6.689655172413793,21.17241379310345,.316,15.620689655172415,23.20689655172414,.673,,41.41379310344828,15.10344827586207,9.413793103448276,3.5172413793103448,16.586206896551722,21.17241379310345,False
Louisiana Tech,28,11,17,.393,-1.20,62.07142857142857,64.53571428571429,22.178571428571427,53.0,.418,3.7142857142857144,13.0,.286,14.0,21.642857142857142,.647,,35.464285714285715,11.535714285714286,5.821428571428571,2.1785714285714284,15.928571428571429,21.142857142857142,False
Louisville NCAA,34,22,12,.647,9.84,76.52941176470588,71.23529411764706,27.205882352941178,56.05882352941177,.485,6.470588235294118,18.235294117647058,.355,15.647058823529411,23.08823529411765,.678,,33.73529411764706,15.147058823529411,8.911764705882353,4.0588235294117645,16.029411764705884,18.647058823529413,True
Loyola (IL),27,8,19,.296,-1.61,68.66666666666667,72.70370370370371,24.85185185185185,57.0,.436,5.925925925925926,17.25925925925926,.343,13.037037037037036,20.703703703703702,.630,,34.74074074074074,14.0,7.888888888888889,3.037037037037037,16.59259259259259,21.25925925925926,False
Loyola Marymount,29,18,11,.621,-0.89,69.72413793103448,68.65517241379311,23.862068965517242,51.44827586206897,.464,4.551724137931035,13.862068965517242,.328,17.448275862068964,25.379310344827587,.688,,37.6551724137931,12.241379310344827,6.206896551724138,2.6551724137931036,18.82758620689655,18.275862068965516,False
Loyola (MD),27,12,15,.444,-2.20,66.92592592592592,67.22222222222223,24.296296296296298,54.925925925925924,.442,4.481481481481482,13.074074074074074,.343,13.851851851851851,21.88888888888889,.633,,33.51851851851852,12.037037037037036,9.11111111111111,4.0,17.333333333333332,22.666666666666668,False
Maine,28,15,13,.536,-5.49,68.60714285714286,67.32142857142857,24.857142857142858,59.5,.418,5.607142857142857,16.5,.340,13.285714285714286,22.785714285714285,.583,,40.42857142857143,14.357142857142858,8.071428571428571,2.3214285714285716,17.0,19.357142857142858,False
Manhattan,29,17,12,.586,-1.38,67.55172413793103,62.13793103448276,23.310344827586206,52.758620689655174,.442,4.586206896551724,13.758620689655173,.333,16.344827586206897,23.655172413793103,.691,,37.86206896551724,12.931034482758621,6.724137931034483,3.2758620689655173,16.06896551724138,17.344827586206897,False
Marist,29,22,7,.759,-8.61,72.20689655172414,64.62068965517241,23.82758620689655,54.13793103448276,.440,6.413793103448276,18.620689655172413,.344,18.137931034482758,25.586206896551722,.709,,39.86206896551724,14.482758620689655,5.689655172413793,5.586206896551724,15.413793103448276,16.448275862068964,False
Marquette NCAA,31,23,8,.742,4.93,72.87096774193549,63.354838709677416,25.548387096774192,58.70967741935484,.435,6.935483870967742,19.322580645161292,.359,14.838709677419354,20.774193548387096,.714,,39.45161290322581,14.870967741935484,5.354838709677419,5.354838709677419,13.548387096774194,18.612903225806452,True
Marshall,28,17,11,.607,-3.81,91.42857142857143,84.53571428571429,33.107142857142854,66.92857142857143,.495,10.142857142857142,25.428571428571427,.399,15.071428571428571,21.785714285714285,.692,,38.714285714285715,15.964285714285714,9.928571428571429,3.4285714285714284,16.964285714285715,22.75,False
Maryland-Baltimore County,27,5,22,.185,-6.17,59.074074074074076,70.03703703703704,19.814814814814813,51.51851851851852,.385,5.481481481481482,16.555555555555557,.331,13.962962962962964,19.74074074074074,.707,,32.51851851851852,11.555555555555555,6.777777777777778,1.8888888888888888,15.962962962962964,20.77777777777778,False
Maryland-Eastern Shore,27,11,16,.407,-13.21,65.11111111111111,69.33333333333333,23.14814814814815,56.51851851851852,.410,4.296296296296297,13.481481481481481,.319,14.518518518518519,23.0,.631,,35.407407407407405,9.296296296296296,8.185185185185185,2.2222222222222223,14.222222222222221,17.62962962962963,False
Maryland NCAA,30,17,13,.567,9.94,81.33333333333333,76.26666666666667,28.666666666666668,63.9,.449,6.166666666666667,18.133333333333333,.340,17.833333333333332,26.1,.683,,38.6,17.633333333333333,10.966666666666667,2.933333333333333,16.866666666666667,21.733333333333334,True
Massachusetts NCAA,37,35,2,.946,8.92,74.8108108108108,62.351351351351354,26.81081081081081,59.108108108108105,.454,4.324324324324325,12.35135135135135,.350,16.864864864864863,24.81081081081081,.680,,40.054054054054056,15.08108108108108,8.405405405405405,6.27027027027027,13.216216216216216,17.37837837837838,True
McNeese State,27,15,12,.556,-6.69,78.48148148148148,74.5925925925926,27.962962962962962,60.333333333333336,.463,4.814814814814815,15.25925925925926,.316,17.74074074074074,26.925925925925927,.659,,34.25925925925926,16.22222222222222,12.222222222222221,3.3333333333333335,15.62962962962963,19.296296296296298,False
Memphis NCAA,30,22,8,.733,6.58,73.5,65.73333333333333,27.966666666666665,61.13333333333333,.457,6.1,17.666666666666668,.345,11.466666666666667,18.566666666666666,.618,,37.5,16.366666666666667,9.433333333333334,5.266666666666667,14.533333333333333,16.933333333333334,True
Mercer,29,15,14,.517,-6.81,75.72413793103448,77.34482758620689,26.620689655172413,61.93103448275862,.430,5.896551724137931,19.482758620689655,.303,16.586206896551722,24.517241379310345,.677,,40.793103448275865,14.931034482758621,6.482758620689655,4.379310344827586,15.793103448275861,16.75862068965517,False
Miami (FL),28,15,13,.536,7.42,67.25,66.89285714285714,23.821428571428573,56.32142857142857,.423,5.178571428571429,16.25,.319,14.428571428571429,22.928571428571427,.629,,38.82142857142857,14.0,8.0,4.321428571428571,17.035714285714285,18.714285714285715,False
Miami (OH),29,21,8,.724,0.81,74.79310344827586,63.93103448275862,26.24137931034483,58.310344827586206,.450,6.482758620689655,16.24137931034483,.399,15.827586206896552,22.655172413793103,.699,,37.758620689655174,12.137931034482758,7.586206896551724,3.2758620689655173,13.379310344827585,19.20689655172414,False
Michigan State,32,16,16,.500,9.04,62.0625,64.15625,22.875,53.4375,.428,3.75,11.65625,.322,12.5625,18.84375,.667,,37.625,12.5625,4.875,2.28125,16.15625,17.6875,False
Michigan NCAA,32,21,11,.656,8.55,71.34375,64.875,25.875,58.59375,.442,4.90625,14.875,.330,14.6875,21.84375,.672,,38.90625,12.96875,6.71875,3.625,16.5,18.9375,True
Middle Tennessee,27,15,12,.556,-5.94,74.0,72.51851851851852,26.25925925925926,57.370370370370374,.458,4.851851851851852,13.592592592592593,.357,16.62962962962963,23.51851851851852,.707,,35.18518518518518,13.962962962962964,5.814814814814815,1.9259259259259258,14.074074074074074,19.14814814814815,False
Milwaukee,27,9,18,.333,-2.06,70.81481481481481,73.55555555555556,25.074074074074073,59.592592592592595,.421,5.777777777777778,16.74074074074074,.345,14.88888888888889,21.77777777777778,.684,,35.44444444444444,12.666666666666666,9.777777777777779,2.3333333333333335,16.62962962962963,24.333333333333332,False
Minnesota,32,19,13,.594,6.92,69.59375,67.8125,25.21875,59.34375,.425,4.84375,15.0,.323,14.3125,22.34375,.641,,39.03125,15.0625,7.21875,3.3125,15.3125,20.8125,False
Mississippi State NCAA,34,26,8,.765,8.73,73.05882352941177,65.58823529411765,25.91176470588235,54.1764705882353,.478,6.294117647058823,16.41176470588235,.384,14.941176470588236,21.0,.711,,38.970588235294116,15.294117647058824,6.529411764705882,5.147058823529412,17.147058823529413,16.264705882352942,True
Mississippi Valley State NCAA,29,22,7,.759,-11.92,85.72413793103448,76.48275862068965,31.896551724137932,68.96551724137932,.463,5.724137931034483,18.103448275862068,.316,16.20689655172414,26.17241379310345,.619,,48.3448275862069,13.827586206896552,8.310344827586206,3.7586206896551726,17.896551724137932,17.896551724137932,True
Mississippi,27,12,15,.444,4.90,69.88888888888889,67.33333333333333,25.0,61.96296296296296,.403,5.518518518518518,17.333333333333332,.318,14.37037037037037,22.77777777777778,.631,,40.111111111111114,14.222222222222221,8.777777777777779,2.4444444444444446,16.77777777777778,21.37037037037037,False
Missouri-Kansas City,27,12,15,.444,-9.00,69.92592592592592,70.51851851851852,24.814814814814813,57.370370370370374,.433,4.037037037037037,14.592592592592593,.277,16.25925925925926,25.11111111111111,.647,,39.25925925925926,13.481481481481481,8.222222222222221,3.0,17.37037037037037,18.962962962962962,False
Missouri State,28,16,12,.571,1.60,74.85714285714286,72.10714285714286,27.214285714285715,59.75,.455,5.678571428571429,15.214285714285714,.373,14.75,21.892857142857142,.674,,38.964285714285715,17.428571428571427,7.0,3.142857142857143,14.285714285714286,18.857142857142858,False
Missouri,33,18,15,.545,5.07,77.66666666666667,75.57575757575758,26.484848484848484,56.06060606060606,.472,4.666666666666667,11.848484848484848,.394,20.03030303030303,28.848484848484848,.694,,39.27272727272727,14.636363636363637,5.7272727272727275,3.121212121212121,17.060606060606062,20.666666666666668,False
Monmouth NCAA,30,20,10,.667,-5.56,68.83333333333333,65.16666666666667,24.466666666666665,52.43333333333333,.467,4.233333333333333,11.766666666666667,.360,15.666666666666666,22.566666666666666,.694,,33.03333333333333,15.3,7.833333333333333,3.4,13.566666666666666,16.733333333333334,True
Montana State NCAA,30,21,9,.700,-2.45,80.83333333333333,69.93333333333334,29.933333333333334,60.0,.499,6.9,18.866666666666667,.366,14.066666666666666,20.666666666666668,.681,,37.333333333333336,20.9,7.266666666666667,2.966666666666667,15.1,16.533333333333335,True
Montana,28,20,8,.714,-3.13,75.92857142857143,68.71428571428571,26.428571428571427,54.214285714285715,.487,4.642857142857143,13.321428571428571,.349,18.428571428571427,26.321428571428573,.700,,35.75,17.25,7.892857142857143,3.392857142857143,16.5,19.607142857142858,False
Morehead State,27,7,20,.259,-1.56,73.77777777777777,82.48148148148148,25.88888888888889,65.70370370370371,.394,8.407407407407407,23.814814814814813,.353,13.592592592592593,19.925925925925927,.682,,36.55555555555556,15.333333333333334,7.62962962962963,3.4074074074074074,16.14814814814815,20.88888888888889,False
Morgan State,27,7,20,.259,-8.04,68.62962962962963,80.03703703703704,25.814814814814813,64.4074074074074,.401,5.666666666666667,18.59259259259259,.305,11.333333333333334,18.62962962962963,.608,,33.2962962962963,15.37037037037037,10.444444444444445,2.814814814814815,15.37037037037037,22.48148148148148,False
Mount St. Mary's,29,21,8,.724,-5.86,75.62068965517241,68.93103448275862,27.82758620689655,62.3448275862069,.446,8.793103448275861,23.137931034482758,.380,11.172413793103448,15.448275862068966,.723,,31.79310344827586,16.620689655172413,9.517241379310345,4.068965517241379,11.344827586206897,17.448275862068964,False
Murray State,29,19,10,.655,-3.01,80.17241379310344,73.3103448275862,29.06896551724138,63.44827586206897,.458,5.689655172413793,16.96551724137931,.335,16.344827586206897,22.586206896551722,.724,,39.310344827586206,13.758620689655173,8.586206896551724,3.7586206896551726,14.275862068965518,21.482758620689655,False
Navy,27,15,12,.556,-8.18,65.62962962962963,65.25925925925925,24.22222222222222,59.407407407407405,.408,4.222222222222222,13.222222222222221,.319,12.962962962962964,20.555555555555557,.631,,40.407407407407405,13.407407407407407,7.555555555555555,2.8518518518518516,15.88888888888889,21.444444444444443,False
Nebraska,35,21,14,.600,5.58,80.22857142857143,75.51428571428572,28.771428571428572,59.68571428571428,.482,5.0285714285714285,14.114285714285714,.356,17.65714285714286,25.62857142857143,.689,,38.65714285714286,17.37142857142857,8.342857142857143,5.285714285714286,17.914285714285715,22.428571428571427,False
Nevada-Las Vegas,26,10,16,.385,-0.50,67.03846153846153,68.88461538461539,24.384615384615383,55.57692307692308,.439,5.423076923076923,15.461538461538462,.351,12.846153846153847,22.423076923076923,.573,,35.23076923076923,13.73076923076923,6.923076923076923,1.3076923076923077,15.653846153846153,19.884615384615383,False
Nevada,29,16,13,.552,0.04,73.06896551724138,72.65517241379311,25.655172413793103,59.724137931034484,.430,5.551724137931035,19.517241379310345,.284,16.20689655172414,23.75862068965517,.682,,36.41379310344828,13.89655172413793,6.793103448275862,2.8620689655172415,15.137931034482758,20.06896551724138,False
New Hampshire,27,6,21,.222,-4.04,74.07407407407408,82.33333333333333,25.77777777777778,60.111111111111114,.429,6.444444444444445,18.77777777777778,.343,16.074074074074073,23.51851851851852,.683,,36.55555555555556,14.592592592592593,6.814814814814815,2.5555555555555554,17.037037037037038,21.666666666666668,False
New Mexico State,26,11,15,.423,0.48,67.96153846153847,70.5,23.53846153846154,59.19230769230769,.398,6.3076923076923075,21.26923076923077,.297,14.576923076923077,21.76923076923077,.670,,36.23076923076923,10.884615384615385,6.730769230769231,2.423076923076923,13.26923076923077,18.76923076923077,False
New Mexico NCAA,33,28,5,.848,3.42,77.78787878787878,69.48484848484848,26.939393939393938,54.60606060606061,.493,6.666666666666667,17.515151515151516,.381,17.242424242424242,24.666666666666668,.699,,36.484848484848484,15.606060606060606,6.909090909090909,4.151515151515151,14.454545454545455,18.363636363636363,True
New Orleans NCAA,30,21,9,.700,1.47,72.6,68.1,26.0,57.166666666666664,.455,6.3,17.533333333333335,.359,14.3,21.633333333333333,.661,,37.96666666666667,14.966666666666667,6.933333333333334,2.6666666666666665,16.5,20.033333333333335,True
Niagara,28,13,15,.464,-4.26,63.57142857142857,67.39285714285714,22.142857142857142,54.07142857142857,.410,5.071428571428571,15.642857142857142,.324,14.214285714285714,21.357142857142858,.666,,34.32142857142857,13.142857142857142,7.785714285714286,3.6785714285714284,16.928571428571427,20.0,False
Nicholls State,26,5,21,.192,-3.77,66.3076923076923,78.26923076923077,23.692307692307693,59.73076923076923,.397,4.576923076923077,14.73076923076923,.311,14.346153846153847,22.153846153846153,.648,,36.53846153846154,11.26923076923077,7.461538461538462,3.1153846153846154,17.192307692307693,23.076923076923077,False
North Carolina-Asheville,28,18,10,.643,-7.80,72.67857142857143,69.10714285714286,25.607142857142858,55.0,.466,6.535714285714286,16.964285714285715,.385,14.928571428571429,22.0,.679,,35.107142857142854,16.214285714285715,8.428571428571429,3.357142857142857,16.75,16.75,False
North Carolina A&T,27,10,17,.370,-11.25,66.62962962962963,74.5925925925926,24.296296296296298,56.03703703703704,.434,4.777777777777778,14.555555555555555,.328,13.25925925925926,21.296296296296298,.623,,35.55555555555556,11.555555555555555,6.555555555555555,5.666666666666667,19.48148148148148,22.62962962962963,False
North Carolina-Greensboro NCAA,30,20,10,.667,-7.18,70.96666666666667,65.73333333333333,24.833333333333332,53.833333333333336,.461,6.833333333333333,16.766666666666666,.408,14.466666666666667,22.133333333333333,.654,,36.8,15.066666666666666,6.333333333333333,4.033333333333333,15.2,16.2,True
North Carolina State,31,15,16,.484,7.98,81.19354838709677,74.7741935483871,28.516129032258064,65.06451612903226,.438,9.419354838709678,26.096774193548388,.361,14.741935483870968,20.06451612903226,.735,,39.29032258064516,17.741935483870968,7.709677419354839,3.7096774193548385,14.129032258064516,18.129032258064516,False
North Carolina-Wilmington,29,13,16,.448,0.94,57.44827586206897,58.41379310344828,20.03448275862069,50.51724137931034,.397,5.517241379310345,15.758620689655173,.350,11.862068965517242,19.03448275862069,.623,,33.310344827586206,11.344827586206897,5.448275862068965,1.7241379310344827,12.862068965517242,18.24137931034483,False
North Carolina NCAA,32,21,11,.656,11.42,77.625,71.03125,28.71875,58.40625,.492,7.34375,18.53125,.396,12.84375,19.15625,.670,,38.84375,17.46875,5.375,3.4375,13.40625,14.71875,True
North Texas,28,15,13,.536,-5.70,67.28571428571429,66.67857142857143,22.892857142857142,50.964285714285715,.449,5.785714285714286,15.0,.386,15.714285714285714,23.821428571428573,.660,,33.5,13.428571428571429,6.178571428571429,2.2857142857142856,14.642857142857142,17.857142857142858,False
Northeastern Illinois,27,14,13,.519,-10.39,78.14814814814815,76.81481481481481,28.14814814814815,68.18518518518519,.413,6.111111111111111,19.11111111111111,.320,15.74074074074074,24.814814814814813,.634,,38.22222222222222,14.962962962962964,11.851851851851851,2.888888888888889,14.814814814814815,23.555555555555557,False
Northeastern,28,4,24,.143,-3.42,65.10714285714286,77.39285714285714,24.035714285714285,59.642857142857146,.403,3.5714285714285716,12.857142857142858,.278,13.464285714285714,21.428571428571427,.628,,36.857142857142854,9.928571428571429,6.357142857142857,2.107142857142857,17.071428571428573,22.571428571428573,False
Northern Arizona,26,6,20,.231,-3.04,66.42307692307692,74.38461538461539,24.76923076923077,56.11538461538461,.441,4.5,15.0,.300,12.384615384615385,18.807692307692307,.658,,32.80769230769231,14.153846153846153,8.384615384615385,1.8076923076923077,18.576923076923077,18.5,False
Northern Illinois NCAA,30,20,10,.667,-3.60,74.96666666666667,65.96666666666667,27.066666666666666,59.9,.452,6.566666666666666,18.833333333333332,.349,14.266666666666667,21.7,.657,,40.5,15.466666666666667,6.6,3.6,13.0,16.666666666666668,True
Northern Iowa,27,14,13,.519,1.06,77.14814814814815,75.51851851851852,25.962962962962962,58.48148148148148,.444,7.555555555555555,20.037037037037038,.377,17.666666666666668,25.074074074074073,.705,,35.81481481481482,12.74074074074074,8.37037037037037,3.4074074074074074,15.37037037037037,20.074074074074073,False
Northwestern State,26,5,21,.192,-6.22,67.6923076923077,75.26923076923077,23.03846153846154,57.11538461538461,.403,3.8846153846153846,12.76923076923077,.304,17.73076923076923,26.153846153846153,.678,,39.19230769230769,13.23076923076923,5.961538461538462,2.076923076923077,16.192307692307693,22.03846153846154,False
Northwestern,27,7,20,.259,5.95,64.0,73.66666666666667,22.40740740740741,55.51851851851852,.404,5.555555555555555,17.48148148148148,.318,13.62962962962963,21.22222222222222,.642,,33.888888888888886,12.074074074074074,5.62962962962963,2.6296296296296298,14.814814814814815,19.703703703703702,False
Notre Dame,27,9,18,.333,10.65,66.77777777777777,71.44444444444444,24.444444444444443,56.81481481481482,.430,4.703703703703703,15.74074074074074,.299,13.185185185185185,21.185185185185187,.622,,37.48148148148148,15.0,6.925925925925926,2.740740740740741,17.037037037037038,21.962962962962962,False
Ohio State,27,10,17,.370,7.35,66.96296296296296,71.11111111111111,24.11111111111111,54.407407407407405,.443,4.111111111111111,12.25925925925926,.335,14.62962962962963,21.925925925925927,.667,,33.25925925925926,13.666666666666666,7.851851851851852,2.185185185185185,19.037037037037038,21.85185185185185,False
Ohio,30,16,14,.533,2.55,74.03333333333333,71.66666666666667,27.166666666666668,59.06666666666667,.460,3.9,13.166666666666666,.296,15.8,22.666666666666668,.697,,40.2,12.833333333333334,5.3,5.0,15.733333333333333,19.633333333333333,False
Oklahoma State,27,17,10,.630,6.08,70.22222222222223,63.888888888888886,26.51851851851852,57.48148148148148,.461,5.037037037037037,13.814814814814815,.365,12.148148148148149,21.333333333333332,.569,,35.851851851851855,16.37037037037037,8.555555555555555,2.074074074074074,14.592592592592593,18.555555555555557,False
Oklahoma NCAA,30,17,13,.567,6.83,79.03333333333333,73.06666666666666,28.766666666666666,64.83333333333333,.444,6.9,19.2,.359,14.6,20.6,.709,,40.733333333333334,16.133333333333333,6.7,2.7333333333333334,12.933333333333334,19.166666666666668,True
Old Dominion,31,18,13,.581,-0.24,71.25806451612904,71.25806451612904,25.258064516129032,54.354838709677416,.465,5.129032258064516,15.03225806451613,.341,15.612903225806452,22.741935483870968,.687,,36.41935483870968,15.67741935483871,7.161290322580645,5.354838709677419,16.516129032258064,20.580645161290324,False
Oral Roberts,27,18,9,.667,-4.88,75.70370370370371,68.29629629629629,28.037037037037038,57.111111111111114,.491,6.407407407407407,16.555555555555557,.387,13.222222222222221,21.0,.630,,36.55555555555556,17.48148148148148,9.481481481481481,3.2222222222222223,17.555555555555557,19.62962962962963,False
Oregon State,27,4,23,.148,9.01,56.22222222222222,67.33333333333333,20.14814814814815,49.851851851851855,.404,4.814814814814815,15.37037037037037,.313,11.11111111111111,17.666666666666668,.629,,28.814814814814813,11.222222222222221,6.962962962962963,1.5185185185185186,16.814814814814813,19.333333333333332,False
Oregon,29,16,13,.552,7.21,76.27586206896552,71.96551724137932,26.275862068965516,59.793103448275865,.439,7.241379310344827,20.24137931034483,.358,16.482758620689655,25.517241379310345,.646,,38.206896551724135,14.862068965517242,7.275862068965517,2.896551724137931,16.724137931034484,19.0,False
Pacific,27,15,12,.556,-0.55,72.77777777777777,67.88888888888889,25.296296296296298,57.592592592592595,.439,8.925925925925926,23.25925925925926,.384,13.25925925925926,20.444444444444443,.649,,37.074074074074076,16.296296296296298,6.555555555555555,3.4444444444444446,14.444444444444445,20.48148148148148,False
Penn State NCAA,28,21,7,.750,6.33,74.82142857142857,64.07142857142857,26.0,55.535714285714285,.468,7.035714285714286,17.214285714285715,.409,15.785714285714286,22.928571428571427,.688,,38.464285714285715,16.892857142857142,7.357142857142857,5.107142857142857,15.464285714285714,17.535714285714285,True
Pennsylvania,27,17,10,.630,-4.87,68.66666666666667,63.111111111111114,23.555555555555557,57.77777777777778,.408,6.481481481481482,19.25925925925926,.337,15.074074074074074,23.296296296296298,.647,,41.0,12.814814814814815,7.2592592592592595,3.3333333333333335,10.74074074074074,18.703703703703702,False
Pepperdine,28,10,18,.357,-0.83,69.71428571428571,74.75,26.035714285714285,56.82142857142857,.458,3.607142857142857,10.928571428571429,.330,14.035714285714286,21.428571428571427,.655,,35.0,12.178571428571429,6.25,3.107142857142857,16.464285714285715,19.964285714285715,False
Pittsburgh,27,10,17,.370,9.60,72.14814814814815,70.77777777777777,25.185185185185187,60.7037037037037,.415,7.555555555555555,21.296296296296298,.355,14.222222222222221,20.85185185185185,.682,,36.22222222222222,15.407407407407407,8.666666666666666,3.5925925925925926,16.333333333333332,23.037037037037038,False
Portland NCAA,30,19,11,.633,-0.18,76.23333333333333,72.16666666666667,28.466666666666665,64.13333333333334,.444,4.8,15.366666666666667,.312,14.5,20.666666666666668,.702,,35.333333333333336,16.433333333333334,8.566666666666666,2.033333333333333,14.133333333333333,20.7,True
Prairie View,27,4,23,.148,-5.97,82.0,99.85185185185185,31.037037037037038,73.25925925925925,.424,5.962962962962963,21.22222222222222,.281,13.962962962962964,23.333333333333332,.598,,40.48148148148148,13.481481481481481,9.555555555555555,1.6296296296296295,21.074074074074073,24.62962962962963,False
Princeton NCAA,29,22,7,.759,-4.15,59.10344827586207,51.6551724137931,20.655172413793103,43.96551724137931,.470,7.310344827586207,21.137931034482758,.346,10.482758620689655,15.206896551724139,.689,,26.75862068965517,12.0,5.482758620689655,1.896551724137931,11.310344827586206,17.20689655172414,True
Providence,30,18,12,.600,9.44,78.23333333333333,74.83333333333333,27.5,63.3,.434,6.366666666666666,19.1,.333,16.866666666666667,23.533333333333335,.717,,38.833333333333336,15.9,9.0,3.433333333333333,15.566666666666666,20.733333333333334,False
Purdue NCAA,32,26,6,.813,8.49,73.0625,64.3125,25.5,54.15625,.471,4.90625,13.78125,.356,17.15625,25.5,.673,,35.8125,16.28125,8.03125,3.53125,15.3125,18.09375,True
Radford,27,14,13,.519,-7.56,74.66666666666667,71.77777777777777,28.11111111111111,59.55555555555556,.472,5.851851851851852,14.962962962962964,.391,12.592592592592593,17.14814814814815,.734,,35.074074074074076,13.407407407407407,8.185185185185185,3.4444444444444446,17.62962962962963,19.22222222222222,False
Rhode Island,34,20,14,.588,3.53,76.44117647058823,71.11764705882354,27.11764705882353,62.38235294117647,.435,6.4411764705882355,18.205882352941178,.354,15.764705882352942,23.235294117647058,.678,,38.794117647058826,15.470588235294118,8.029411764705882,4.970588235294118,13.558823529411764,19.705882352941178,False
Rice,28,14,14,.500,1.76,68.25,69.25,23.928571428571427,55.07142857142857,.435,4.642857142857143,12.178571428571429,.381,15.75,24.035714285714285,.655,,36.75,11.857142857142858,5.857142857142857,2.9642857142857144,14.0,18.607142857142858,False
Richmond,28,8,20,.286,0.27,68.75,74.71428571428571,24.75,55.0,.450,6.214285714285714,16.857142857142858,.369,13.035714285714286,18.964285714285715,.687,,34.107142857142854,12.821428571428571,5.5,3.0714285714285716,16.714285714285715,19.428571428571427,False
Rider,30,19,11,.633,-5.27,74.6,69.9,26.233333333333334,57.666666666666664,.455,6.1,16.766666666666666,.364,16.033333333333335,22.033333333333335,.728,,34.7,17.233333333333334,7.333333333333333,4.566666666666666,14.033333333333333,19.833333333333332,False
Robert Morris,28,5,23,.179,-7.08,64.67857142857143,73.71428571428571,22.857142857142858,56.82142857142857,.402,6.642857142857143,17.964285714285715,.370,12.321428571428571,17.857142857142858,.690,,34.464285714285715,11.857142857142858,4.892857142857143,1.0714285714285714,16.75,21.642857142857142,False
Rutgers,27,9,18,.333,10.62,71.33333333333333,74.51851851851852,24.11111111111111,59.81481481481482,.403,7.148148148148148,19.444444444444443,.368,15.962962962962964,22.11111111111111,.722,,35.370370370370374,13.222222222222221,7.555555555555555,3.5185185185185186,14.0,20.0,False
Sacramento State,27,7,20,.259,-2.03,67.29629629629629,78.22222222222223,24.037037037037038,59.77777777777778,.402,6.148148148148148,21.333333333333332,.288,13.074074074074074,20.666666666666668,.633,,38.22222222222222,12.481481481481481,7.666666666666667,4.37037037037037,20.037037037037038,19.37037037037037,False
Saint Francis (PA),27,13,14,.481,-5.99,65.66666666666667,71.29629629629629,22.814814814814813,54.74074074074074,.417,6.185185185185185,16.925925925925927,.365,13.851851851851851,19.666666666666668,.704,,34.148148148148145,13.407407407407407,6.518518518518518,3.185185185185185,17.88888888888889,19.037037037037038,False
Saint Joseph's,32,19,13,.594,4.16,73.59375,70.375,25.0,58.59375,.427,6.40625,18.6875,.343,17.1875,24.0625,.714,,38.78125,12.875,6.09375,2.34375,14.09375,20.15625,False
Saint Louis,30,16,14,.533,4.52,64.56666666666666,64.13333333333334,21.233333333333334,52.63333333333333,.403,6.033333333333333,16.866666666666667,.358,16.066666666666666,23.9,.672,,34.3,12.766666666666667,5.833333333333333,1.5333333333333334,13.4,16.266666666666666,False
Saint Mary's (CA),27,12,15,.444,0.02,71.77777777777777,73.03703703703704,23.814814814814813,54.0,.441,8.62962962962963,24.0,.360,15.518518518518519,23.74074074074074,.654,,34.2962962962963,16.51851851851852,6.666666666666667,2.5555555555555554,16.88888888888889,21.666666666666668,False
Saint Peter's,27,15,12,.556,-4.63,67.92592592592592,63.03703703703704,25.185185185185187,55.2962962962963,.455,4.555555555555555,11.296296296296296,.403,13.0,18.555555555555557,.701,,36.03703703703704,14.555555555555555,7.518518518518518,3.037037037037037,15.444444444444445,20.22222222222222,False
Sam Houston State,27,11,16,.407,-5.94,73.22222222222223,75.07407407407408,24.703703703703702,54.925925925925924,.450,6.888888888888889,18.22222222222222,.378,16.925925925925927,24.444444444444443,.692,,35.925925925925924,17.962962962962962,7.37037037037037,4.0,16.074074074074073,21.185185185185187,False
Samford,27,16,11,.593,-7.73,68.66666666666667,65.55555555555556,20.59259259259259,49.074074074074076,.420,9.0,23.40740740740741,.384,18.48148148148148,24.77777777777778,.746,,33.25925925925926,10.925925925925926,4.296296296296297,1.7777777777777777,12.11111111111111,19.25925925925926,False
San Diego State,29,15,14,.517,3.05,75.86206896551724,74.27586206896552,27.344827586206897,61.172413793103445,.447,5.413793103448276,15.758620689655173,.344,15.758620689655173,21.896551724137932,.720,,35.310344827586206,15.689655172413794,8.758620689655173,2.310344827586207,15.689655172413794,18.517241379310345,False
San Diego,28,14,14,.500,0.06,68.07142857142857,68.92857142857143,23.392857142857142,51.357142857142854,.455,5.892857142857143,15.964285714285714,.369,15.392857142857142,22.785714285714285,.676,,31.428571428571427,14.428571428571429,6.535714285714286,2.3214285714285716,14.75,19.357142857142858,False
San Francisco,27,15,12,.556,0.73,65.11111111111111,63.96296296296296,22.333333333333332,50.81481481481482,.440,4.592592592592593,14.25925925925926,.322,15.851851851851851,22.62962962962963,.700,,34.2962962962963,12.481481481481481,7.592592592592593,1.1481481481481481,15.0,17.22222222222222,False
San Jose State NCAA,30,13,17,.433,1.21,72.03333333333333,76.4,26.066666666666666,58.53333333333333,.445,3.3,12.6,.262,16.6,25.433333333333334,.653,,35.9,14.066666666666666,6.933333333333334,3.066666666666667,17.7,19.9,True
Santa Clara NCAA,29,20,9,.690,4.09,70.82758620689656,66.10344827586206,23.655172413793103,56.241379310344826,.421,6.689655172413793,18.413793103448278,.363,16.82758620689655,24.103448275862068,.698,,36.758620689655174,13.89655172413793,6.896551724137931,2.310344827586207,14.655172413793103,19.517241379310345,True
Seton Hall,28,12,16,.429,10.88,73.35714285714286,77.17857142857143,26.607142857142858,62.25,.427,4.25,14.678571428571429,.290,15.892857142857142,24.821428571428573,.640,,37.392857142857146,13.321428571428571,8.75,3.857142857142857,16.071428571428573,19.642857142857142,False
Siena,27,5,22,.185,-2.38,62.25925925925926,71.22222222222223,21.59259259259259,57.888888888888886,.373,6.37037037037037,19.11111111111111,.333,12.703703703703704,19.37037037037037,.656,,36.03703703703704,13.296296296296296,6.148148148148148,2.185185185185185,15.407407407407407,19.925925925925927,False
South Alabama,27,12,15,.444,-1.19,57.2962962962963,58.18518518518518,21.22222222222222,48.666666666666664,.436,3.3703703703703702,10.222222222222221,.330,11.481481481481481,17.666666666666668,.650,,32.03703703703704,12.37037037037037,7.0,2.185185185185185,14.851851851851851,17.85185185185185,False
South Carolina State NCAA,30,22,8,.733,-13.08,72.0,64.23333333333333,26.033333333333335,57.166666666666664,.455,4.533333333333333,14.466666666666667,.313,15.4,23.966666666666665,.643,,40.166666666666664,12.666666666666666,6.433333333333334,4.633333333333334,14.966666666666667,15.933333333333334,True
South Carolina,31,19,12,.613,6.23,78.3225806451613,73.54838709677419,27.612903225806452,57.67741935483871,.479,5.612903225806452,16.516129032258064,.340,17.483870967741936,25.06451612903226,.698,,37.516129032258064,13.67741935483871,6.645161290322581,3.5161290322580645,15.483870967741936,16.483870967741936,False
South Florida,28,12,16,.429,3.41,65.39285714285714,65.14285714285714,22.642857142857142,53.92857142857143,.420,5.428571428571429,17.607142857142858,.308,14.678571428571429,22.5,.652,,38.535714285714285,12.464285714285714,5.964285714285714,4.071428571428571,15.607142857142858,16.928571428571427,False
Southeast Missouri State,27,8,19,.296,-4.10,70.55555555555556,78.22222222222223,27.22222222222222,61.77777777777778,.441,5.407407407407407,17.296296296296298,.313,10.703703703703704,17.444444444444443,.614,,36.96296296296296,13.962962962962964,7.555555555555555,3.8518518518518516,18.51851851851852,19.40740740740741,False
Southeastern Louisiana,27,15,12,.556,-8.12,85.03703703703704,83.29629629629629,30.703703703703702,70.44444444444444,.436,7.888888888888889,24.925925925925927,.316,15.74074074074074,24.25925925925926,.649,,43.81481481481482,15.37037037037037,8.333333333333334,4.333333333333333,16.40740740740741,20.77777777777778,False
Southern California,30,11,19,.367,7.98,72.8,78.46666666666667,26.033333333333335,60.43333333333333,.431,4.433333333333334,13.833333333333334,.320,16.3,23.933333333333334,.681,,34.833333333333336,12.7,6.233333333333333,4.433333333333334,15.5,21.066666666666666,False
Southern Illinois,29,11,18,.379,1.63,71.75862068965517,75.20689655172414,25.896551724137932,65.48275862068965,.395,9.241379310344827,26.82758620689655,.344,10.724137931034482,16.620689655172413,.645,,37.241379310344826,14.724137931034482,6.724137931034483,2.4827586206896552,13.137931034482758,21.586206896551722,False
Southern Methodist,28,8,20,.286,5.12,65.03571428571429,69.46428571428571,23.071428571428573,54.107142857142854,.426,6.357142857142857,19.321428571428573,.329,12.535714285714286,20.5,.611,,37.07142857142857,13.392857142857142,6.142857142857143,2.357142857142857,15.928571428571429,18.107142857142858,False
Southern Mississippi,27,12,15,.444,5.79,68.37037037037037,69.66666666666667,24.296296296296298,64.11111111111111,.379,7.222222222222222,23.40740740740741,.309,12.407407407407407,18.74074074074074,.662,,38.148148148148145,10.74074074074074,8.296296296296296,3.074074074074074,12.222222222222221,18.40740740740741,False
Southern Utah,28,15,13,.536,-3.89,74.57142857142857,70.17857142857143,26.5,58.07142857142857,.456,7.5,19.214285714285715,.390,14.071428571428571,20.607142857142858,.683,,35.357142857142854,12.892857142857142,7.428571428571429,1.6071428571428572,12.892857142857142,19.107142857142858,False
Southern,28,17,11,.607,-11.75,90.03571428571429,84.82142857142857,32.42857142857143,70.96428571428571,.457,9.0,24.642857142857142,.365,16.178571428571427,24.107142857142858,.671,,39.392857142857146,13.464285714285714,9.857142857142858,2.142857142857143,15.0,21.464285714285715,False
St. Bonaventure,28,10,18,.357,3.35,63.357142857142854,67.03571428571429,22.535714285714285,61.392857142857146,.367,4.5,17.071428571428573,.264,13.785714285714286,21.5,.641,,39.642857142857146,9.571428571428571,7.392857142857143,3.75,13.892857142857142,21.464285714285715,False
St. Francis (NY),27,9,18,.333,-10.72,66.92592592592592,73.0,24.444444444444443,54.592592592592595,.448,5.2592592592592595,15.444444444444445,.341,12.777777777777779,20.074074074074073,.637,,36.03703703703704,12.037037037037036,6.888888888888889,2.6296296296296298,16.59259259259259,18.40740740740741,False
St. John's (NY),27,11,16,.407,9.95,76.11111111111111,78.55555555555556,26.703703703703702,60.96296296296296,.438,4.62962962962963,14.74074074074074,.314,18.074074074074073,25.40740740740741,.711,,39.333333333333336,14.88888888888889,7.037037037037037,3.6666666666666665,16.14814814814815,20.296296296296298,False
Stanford NCAA,29,20,9,.690,6.33,75.20689655172414,66.6896551724138,25.344827586206897,56.89655172413793,.445,5.275862068965517,15.344827586206897,.344,19.24137931034483,25.379310344827587,.758,,37.0,16.06896551724138,6.241379310344827,1.793103448275862,13.344827586206897,18.103448275862068,True
Stephen F. Austin,28,17,11,.607,-6.72,79.67857142857143,77.89285714285714,27.714285714285715,63.82142857142857,.434,7.0,22.285714285714285,.314,17.25,26.071428571428573,.662,,41.5,17.142857142857142,7.5,2.0714285714285716,15.178571428571429,18.392857142857142,False
Stetson,27,10,17,.370,-5.79,67.88888888888889,72.03703703703704,24.25925925925926,54.51851851851852,.445,6.518518518518518,17.59259259259259,.371,12.851851851851851,17.185185185185187,.748,,32.22222222222222,14.037037037037036,6.962962962962963,2.7777777777777777,16.185185185185187,18.88888888888889,False
Syracuse NCAA,38,29,9,.763,11.35,76.23684210526316,68.60526315789474,27.026315789473685,57.973684210526315,.466,5.2368421052631575,14.552631578947368,.360,16.94736842105263,24.026315789473685,.705,,38.28947368421053,17.210526315789473,7.7894736842105265,4.184210526315789,15.131578947368421,18.342105263157894,True
Temple NCAA,33,20,13,.606,9.29,60.03030303030303,58.24242424242424,21.363636363636363,54.878787878787875,.389,5.515151515151516,18.636363636363637,.296,11.787878787878787,18.939393939393938,.622,,37.93939393939394,9.909090909090908,7.393939393939394,2.606060606060606,11.848484848484848,15.333333333333334,True
Tennessee-Martin,27,13,14,.481,-4.58,74.92592592592592,76.07407407407408,27.296296296296298,57.22222222222222,.477,5.888888888888889,16.48148148148148,.357,14.444444444444445,21.48148148148148,.672,,34.407407407407405,17.037037037037038,8.296296296296296,1.3703703703703705,17.296296296296298,17.962962962962962,False
Tennessee State,28,15,13,.536,-4.40,74.5,76.75,28.035714285714285,64.5,.435,5.0,17.821428571428573,.281,13.428571428571429,18.928571428571427,.709,,40.5,13.357142857142858,7.035714285714286,2.8214285714285716,16.214285714285715,18.75,False
Tennessee Tech,28,13,15,.464,-4.99,79.28571428571429,76.25,28.785714285714285,63.785714285714285,.451,6.107142857142857,18.75,.326,15.607142857142858,24.5,.637,,42.142857142857146,15.928571428571429,7.107142857142857,5.571428571428571,16.928571428571427,20.107142857142858,False
Tennessee,29,14,15,.483,9.20,62.51724137931034,63.0,21.20689655172414,49.241379310344826,.431,5.896551724137931,15.310344827586206,.385,14.206896551724139,21.79310344827586,.652,,34.724137931034484,13.241379310344827,4.931034482758621,3.1379310344827585,15.344827586206897,18.482758620689655,False
Texas A&M,27,11,16,.407,0.46,67.22222222222223,68.37037037037037,24.037037037037038,54.7037037037037,.439,6.074074074074074,18.40740740740741,.330,13.074074074074074,19.074074074074073,.685,,32.851851851851855,15.518518518518519,8.555555555555555,3.5555555555555554,16.666666666666668,22.48148148148148,False
Texas-Arlington,26,11,15,.423,-6.76,71.84615384615384,75.46153846153847,25.423076923076923,55.42307692307692,.459,4.884615384615385,15.346153846153847,.318,16.115384615384617,24.76923076923077,.651,,35.46153846153846,15.576923076923077,6.538461538461538,2.269230769230769,15.384615384615385,18.46153846153846,False
Texas Christian,30,15,15,.500,2.89,83.96666666666667,85.06666666666666,30.3,70.56666666666666,.429,5.633333333333334,18.066666666666666,.312,17.733333333333334,25.3,.701,,43.7,17.133333333333333,7.433333333333334,5.033333333333333,15.366666666666667,21.533333333333335,False
Texas-El Paso,28,13,15,.464,4.59,72.75,71.14285714285714,25.071428571428573,54.785714285714285,.458,6.5,16.607142857142858,.391,16.107142857142858,22.75,.708,,35.07142857142857,12.642857142857142,6.0,2.142857142857143,12.035714285714286,20.571428571428573,False
Texas-Rio Grande Valley,28,9,19,.321,-1.19,60.67857142857143,63.892857142857146,22.0,54.714285714285715,.402,4.642857142857143,15.0,.310,12.035714285714286,19.428571428571427,.619,,34.142857142857146,12.178571428571429,9.178571428571429,2.0714285714285716,16.571428571428573,19.892857142857142,False
Texas-San Antonio,28,14,14,.500,-4.69,76.75,78.10714285714286,26.857142857142858,59.42857142857143,.452,6.321428571428571,18.142857142857142,.348,16.714285714285715,24.392857142857142,.685,,38.214285714285715,15.214285714285714,8.214285714285714,3.5,17.785714285714285,22.071428571428573,False
Texas Southern,26,11,15,.423,-7.82,78.92307692307692,84.26923076923077,26.884615384615383,63.61538461538461,.423,5.6923076923076925,19.307692307692307,.295,19.46153846153846,27.26923076923077,.714,,40.69230769230769,11.653846153846153,5.923076923076923,5.115384615384615,14.346153846153847,20.76923076923077,False
Texas State,26,11,15,.423,-6.18,61.61538461538461,64.38461538461539,22.26923076923077,53.15384615384615,.419,3.576923076923077,11.423076923076923,.313,13.5,20.692307692307693,.652,,36.38461538461539,12.384615384615385,7.615384615384615,1.6153846153846154,16.53846153846154,22.384615384615383,False
Texas Tech NCAA,32,30,2,.938,2.11,82.15625,69.40625,28.375,61.96875,.458,7.84375,22.3125,.352,17.5625,26.5625,.661,,42.4375,17.5,5.3125,3.84375,12.84375,16.84375,True
Texas NCAA,31,21,10,.677,5.06,81.7741935483871,74.38709677419355,28.741935483870968,69.6774193548387,.413,7.709677419354839,24.258064516129032,.318,16.580645161290324,24.967741935483872,.664,,41.645161290322584,13.774193548387096,11.225806451612904,2.806451612903226,14.516129032258064,24.096774193548388,True
Toledo,32,18,14,.563,1.85,73.625,70.28125,25.6875,52.1875,.492,4.65625,12.15625,.383,17.59375,23.59375,.746,,32.1875,15.5,6.03125,1.71875,13.8125,18.125,False
Towson,28,16,12,.571,-2.82,75.07142857142857,73.75,29.0,62.67857142857143,.463,4.285714285714286,11.785714285714286,.364,12.785714285714286,18.571428571428573,.688,,36.32142857142857,14.107142857142858,8.5,2.75,14.142857142857142,20.071428571428573,False
Troy,27,11,16,.407,-11.65,94.48148148148148,97.0,33.2962962962963,77.33333333333333,.431,11.11111111111111,32.74074074074074,.339,16.77777777777778,23.666666666666668,.709,,40.407407407407405,15.518518518518519,10.0,2.888888888888889,15.296296296296296,20.14814814814815,False
Tulane,32,22,10,.688,4.87,77.4375,70.875,28.3125,61.0625,.464,5.65625,17.0625,.332,15.15625,23.96875,.632,,38.34375,16.625,10.28125,5.46875,15.71875,19.375,False
Tulsa NCAA,30,22,8,.733,1.52,76.4,65.0,25.866666666666667,58.86666666666667,.439,6.033333333333333,17.8,.339,18.633333333333333,28.2,.661,,43.166666666666664,16.4,9.7,4.533333333333333,16.7,19.8,True
UCLA NCAA,31,23,8,.742,7.34,77.38709677419355,70.58064516129032,28.93548387096774,54.774193548387096,.528,3.806451612903226,10.129032258064516,.376,15.709677419354838,23.29032258064516,.675,,37.25806451612903,16.387096774193548,6.516129032258065,5.225806451612903,17.870967741935484,17.032258064516128,True
Utah State,33,18,15,.545,0.00,71.0909090909091,68.03030303030303,24.545454545454547,52.03030303030303,.472,4.090909090909091,11.696969696969697,.350,17.90909090909091,26.78787878787879,.669,,39.45454545454545,14.878787878787879,5.909090909090909,1.9696969696969697,16.515151515151516,17.333333333333332,False
Utah NCAA,34,27,7,.794,6.42,76.73529411764706,63.85294117647059,26.08823529411765,54.26470588235294,.481,5.470588235294118,14.647058823529411,.373,19.08823529411765,24.352941176470587,.784,,39.61764705882353,15.735294117647058,6.382352941176471,3.2941176470588234,14.117647058823529,18.0,True
Valparaiso NCAA,32,21,11,.656,-9.20,78.21875,73.3125,28.59375,59.6875,.479,6.28125,16.6875,.376,14.75,22.125,.667,,36.8125,16.3125,7.96875,1.9375,15.0,20.375,True
Vanderbilt,32,18,14,.563,7.14,75.65625,74.09375,26.9375,59.65625,.452,6.0625,17.25,.351,15.71875,22.46875,.700,,34.15625,14.125,7.125,2.375,12.90625,18.96875,False
Vermont,27,12,15,.444,-4.76,74.51851851851852,78.62962962962963,25.22222222222222,61.629629629629626,.409,7.851851851851852,22.51851851851852,.349,16.22222222222222,22.48148148148148,.722,,37.148148148148145,13.407407407407407,6.555555555555555,4.333333333333333,14.185185185185185,19.48148148148148,False
Villanova NCAA,33,26,7,.788,11.46,75.51515151515152,66.63636363636364,26.575757575757574,57.42424242424242,.463,6.424242424242424,18.363636363636363,.350,15.93939393939394,22.848484848484848,.698,,38.0,16.666666666666668,7.2727272727272725,5.606060606060606,13.696969696969697,18.12121212121212,True
Virginia Commonwealth NCAA,33,24,9,.727,-0.09,73.87878787878788,66.36363636363636,26.96969696969697,57.81818181818182,.466,4.636363636363637,14.636363636363637,.317,15.303030303030303,23.545454545454547,.650,,40.24242424242424,15.545454545454545,7.454545454545454,3.909090909090909,16.87878787878788,16.757575757575758,True
VMI,28,18,10,.643,-4.59,84.21428571428571,79.57142857142857,29.75,69.35714285714286,.429,7.964285714285714,23.214285714285715,.343,16.75,22.25,.753,,40.142857142857146,14.428571428571429,9.857142857142858,2.6785714285714284,16.964285714285715,20.178571428571427,False
Virginia Tech NCAA,29,23,6,.793,4.25,70.20689655172414,62.93103448275862,25.862068965517242,56.55172413793103,.457,5.344827586206897,13.517241379310345,.395,13.137931034482758,18.82758620689655,.698,,34.86206896551724,16.0,6.344827586206897,3.1379310344827585,11.89655172413793,15.793103448275861,True
Virginia,27,12,15,.444,11.64,69.44444444444444,68.77777777777777,24.296296296296298,58.44444444444444,.416,6.592592592592593,19.25925925925926,.342,14.25925925925926,20.51851851851852,.695,,39.22222222222222,11.25925925925926,4.444444444444445,4.666666666666667,13.0,19.185185185185187,False
Wagner,27,10,17,.370,-7.79,73.85185185185185,75.88888888888889,25.444444444444443,60.25925925925926,.422,6.444444444444445,20.333333333333332,.317,16.51851851851852,22.59259259259259,.731,,41.03703703703704,13.592592592592593,6.666666666666667,4.777777777777778,15.25925925925926,19.62962962962963,False
Wake Forest NCAA,32,26,6,.813,10.73,68.875,61.34375,23.65625,50.875,.465,8.125,19.3125,.421,13.4375,19.09375,.704,,36.09375,13.40625,4.71875,5.34375,14.0625,13.96875,True
Washington State,29,17,12,.586,5.86,75.58620689655173,71.3103448275862,26.724137931034484,57.48275862068966,.465,6.241379310344827,16.0,.390,15.89655172413793,21.96551724137931,.724,,35.275862068965516,15.413793103448276,6.137931034482759,2.793103448275862,16.0,18.20689655172414,False
Washington,28,16,12,.571,5.27,70.0,67.46428571428571,25.464285714285715,58.42857142857143,.436,5.142857142857143,15.035714285714286,.342,13.928571428571429,22.321428571428573,.624,,35.07142857142857,15.035714285714286,9.607142857142858,3.8214285714285716,17.642857142857142,19.964285714285715,False
Weber State,30,20,10,.667,-0.53,84.13333333333334,78.33333333333333,29.333333333333332,58.86666666666667,.498,8.166666666666666,19.233333333333334,.425,17.3,22.5,.769,,35.53333333333333,17.666666666666668,7.933333333333334,2.566666666666667,15.033333333333333,20.233333333333334,False
West Virginia,27,12,15,.444,8.17,79.70370370370371,76.92592592592592,29.185185185185187,62.0,.471,4.888888888888889,15.555555555555555,.314,16.444444444444443,25.22222222222222,.652,,38.111111111111114,16.333333333333332,8.222222222222221,3.888888888888889,15.925925925925926,20.0,False
Western Carolina NCAA,30,17,13,.567,-4.30,81.03333333333333,79.9,29.0,62.2,.466,6.8,16.766666666666666,.406,16.233333333333334,23.2,.700,,37.46666666666667,15.466666666666667,7.2,2.8,15.766666666666667,19.533333333333335,True
Western Illinois,29,17,12,.586,-10.12,74.03448275862068,74.44827586206897,27.517241379310345,58.689655172413794,.469,4.172413793103448,13.620689655172415,.306,14.827586206896552,22.344827586206897,.664,,37.172413793103445,16.310344827586206,8.172413793103448,3.103448275862069,17.82758620689655,19.689655172413794,False
Western Kentucky,27,13,14,.481,0.85,76.14814814814815,74.22222222222223,27.0,60.7037037037037,.445,6.962962962962963,20.51851851851852,.339,15.185185185185185,21.296296296296298,.713,,35.407407407407405,14.185185185185185,8.74074074074074,2.925925925925926,16.074074074074073,20.48148148148148,False
Western Michigan,27,15,12,.556,1.84,70.48148148148148,69.44444444444444,25.666666666666668,54.407407407407405,.472,5.185185185185185,13.037037037037036,.398,13.962962962962964,20.074074074074073,.696,,31.59259259259259,14.407407407407407,7.62962962962963,3.0,16.51851851851852,17.62962962962963,False
Wichita State,29,8,21,.276,2.74,61.03448275862069,66.79310344827586,22.413793103448278,57.62068965517241,.389,3.7241379310344827,13.517241379310345,.276,12.482758620689655,19.75862068965517,.632,,39.241379310344826,13.689655172413794,6.0344827586206895,2.103448275862069,16.137931034482758,19.275862068965516,False
William & Mary,26,10,16,.385,-1.46,73.96153846153847,74.03846153846153,26.153846153846153,56.57692307692308,.462,6.653846153846154,18.076923076923077,.368,15.0,23.846153846153847,.629,,38.19230769230769,14.346153846153847,5.730769230769231,6.3076923076923075,16.423076923076923,18.846153846153847,False
Winthrop,26,7,19,.269,-5.26,68.46153846153847,80.03846153846153,24.46153846153846,57.80769230769231,.423,6.615384615384615,20.076923076923077,.330,12.923076923076923,19.96153846153846,.647,,36.0,13.923076923076923,6.923076923076923,2.6153846153846154,17.53846153846154,20.884615384615383,False
Wisconsin,32,17,15,.531,7.80,66.0625,64.78125,22.6875,52.25,.434,5.90625,17.21875,.343,14.78125,21.25,.696,,33.46875,12.96875,6.28125,2.84375,15.1875,18.5625,False
Wofford,26,4,22,.154,-2.39,64.76923076923077,79.46153846153847,24.53846153846154,60.19230769230769,.408,6.3076923076923075,19.0,.332,9.384615384615385,13.76923076923077,.682,,31.03846153846154,14.115384615384615,6.115384615384615,0.9230769230769231,15.26923076923077,21.53846153846154,False
Wright State,27,14,13,.519,-0.49,73.48148148148148,72.85185185185185,27.296296296296298,57.370370370370374,.476,2.7037037037037037,9.518518518518519,.284,16.185185185185187,24.333333333333332,.665,,35.851851851851855,15.25925925925926,7.555555555555555,1.962962962962963,16.62962962962963,17.85185185185185,False
Wyoming,29,14,15,.483,5.78,74.0,74.75862068965517,24.689655172413794,58.13793103448276,.425,5.9655172413793105,19.17241379310345,.311,18.655172413793103,25.689655172413794,.726,,33.51724137931034,12.758620689655173,8.620689655172415,2.586206896551724,14.310344827586206,21.93103448275862,False
Xavier,28,13,15,.464,2.24,75.35714285714286,74.35714285714286,24.214285714285715,55.964285714285715,.433,5.0,14.464285714285714,.346,21.928571428571427,31.0,.707,,37.357142857142854,13.142857142857142,7.357142857142857,2.9642857142857144,17.607142857142858,22.5,False
Yale,26,8,18,.308,-7.79,61.46153846153846,69.15384615384616,21.26923076923077,53.19230769230769,.400,5.346153846153846,14.192307692307692,.377,13.576923076923077,19.73076923076923,.688,,32.96153846153846,10.192307692307692,6.8076923076923075,2.076923076923077,14.884615384615385,20.0,False
Youngstown State,27,12,15,.444,-12.50,67.70370370370371,64.96296296296296,24.77777777777778,57.592592592592595,.430,5.481481481481482,16.51851851851852,.332,12.666666666666666,20.11111111111111,.630,,39.55555555555556,14.814814814814815,7.62962962962963,2.4814814814814814,15.333333333333334,19.296296296296298,False
